prenom,nom,titre,departement,bureau,logon
Rebbecca,Didio,Consultant,Management,Toronto,con-tor-7621
Stevie,Hallo,Consultant,Management,Toronto,con-tor-7622
Mariko,Stayer,Consultant,Management,Toronto,con-tor-7623
Gerardo,Woodka,Consultant,Management,Toronto,con-tor-7624
Mayra,Bena,Consultant,Management,Toronto,con-tor-7625
Idella,Scotland,Consultant,Management,Toronto,con-tor-7626
Sherill,Klar,Consultant,Management,Toronto,con-tor-7627
Ena,Desjardiws,Consultant,Management,Toronto,con-tor-7628
Vince,Siena,Consultant,Management,Toronto,con-tor-7629
Theron,Jarding,Consultant,Management,Toronto,con-tor-7630
Amira,Chudej,Consultant,Management,Toronto,con-tor-7631
Marica,Tarbor,Consultant,Marketing,Toronto,con-tor-7632
Shawna,Albrough,Consultant,Marketing,Toronto,con-tor-7633
Paulina,Maker,Consultant,Marketing,Toronto,con-tor-7634
Rose,Jebb,Consultant,Marketing,Toronto,con-tor-7635
Reita,Tabar,Consultant,Marketing,Toronto,con-tor-7636
Maybelle,Bewley,Consultant,Marketing,Toronto,con-tor-7637
Camellia,Pylant,Consultant,Marketing,Toronto,con-tor-7638
Roy,Nybo,Consultant,Marketing,Toronto,con-tor-7639
Albert,Sonier,Consultant,Marketing,Toronto,con-tor-7640
Hayley,Taghon,Consultant,Marketing,Toronto,con-tor-7641
Norah,Daleo,Consultant,IT,Toronto,con-tor-7642
Rosina,Sidhu,Consultant,IT,Toronto,con-tor-7643
Royal,Costeira,Consultant,IT,Toronto,con-tor-7644
Barrie,Nicley,Consultant,IT,Toronto,con-tor-7645
Linsey,Gedman,Consultant,IT,Toronto,con-tor-7646
Laura,Bourbonnais,Consultant,IT,Toronto,con-tor-7647
Fanny,Stoneking,Consultant,IT,Toronto,con-tor-7648
Kristian,Ellerbusch,Consultant,IT,Toronto,con-tor-7649
Gwen,Julye,Consultant,IT,Toronto,con-tor-7650
Ben,Majorga,Consultant,IT,Toronto,con-tor-7651
Trina,Oto,Consultant,IT,Toronto,con-tor-7652
Emelda,Geffers,Consultant,IT,Toronto,con-tor-7653
Zana,Ploszaj,Consultant,IT,Toronto,con-tor-7654
Shaun,Rael,Consultant,HR,Toronto,con-tor-7655
Oren,Lobosco,Consultant,HR,Toronto,con-tor-7656
Catherin,Aguele,Consultant,HR,Toronto,con-tor-7657
Pearlene,Boudrie,Consultant,HR,Toronto,con-tor-7658
Kathryn,Bonalumi,Consultant,HR,Toronto,con-tor-7659
Suzan,Landa,Consultant,HR,Toronto,con-tor-7660
Sommer,Agar,Consultant,HR,Toronto,con-tor-7661
Keena,Rebich,Consultant,HR,Toronto,con-tor-7662
Rupert,Hinkson,Consultant,Service,Toronto,con-tor-7663
Aleta,Poarch,Consultant,Service,Toronto,con-tor-7664
Jamal,Korczynski,Consultant,Service,Montreal,con-mtl-7665
Luz,Broccoli,Consultant,Service,Montreal,con-mtl-7666
Janessa,Ruthers,Consultant,Service,Montreal,con-mtl-7667
Lavonne,Esco,Consultant,Service,Montreal,con-mtl-7668
Honey,Lymaster,Consultant,Service,Montreal,con-mtl-7669
Jean,Cecchinato,Consultant,Service,Montreal,con-mtl-7670
Katlyn,Flitcroft,Consultant,Service,Montreal,con-mtl-7671
Cassie,Soros,Consultant,Service,Montreal,con-mtl-7672
Rolf,Gene,Consultant,Service,Montreal,con-mtl-7673
Darnell,Moothart,Consultant,Service,Montreal,con-mtl-7674
Cherilyn,Fraize,Consultant,Service,Montreal,con-mtl-7675
Lynda,Lazzaro,Consultant,Service,Montreal,con-mtl-7676
Leigha,Capelli,Consultant,Service,Montreal,con-mtl-7677
Delfina,Binnie,Consultant,Service,Montreal,con-mtl-7678
Carlota,Gephardt,Consultant,Service,Montreal,con-mtl-7679
Alida,Helger,Consultant,Service,Montreal,con-mtl-7680
Donte,Resureccion,Consultant,Service,Montreal,con-mtl-7681
Lou,Kriner,Consultant,Service,Montreal,con-mtl-7682
Dortha,Vrieze,Consultant,Sales,Montreal,con-mtl-7683
Genevive,Sanborn,Consultant,Sales,Montreal,con-mtl-7684
Alease,Strawbridge,Consultant,Sales,Montreal,con-mtl-7685
Veda,Mishkin,Consultant,Sales,Montreal,con-mtl-7686
Craig,Vandersloot,Consultant,Sales,Montreal,con-mtl-7687
Lauran,Tovmasyan,Consultant,Sales,Montreal,con-mtl-7688
Aaron,Kloska,Consultant,Sales,Montreal,con-mtl-7689
Francene,Skursky,Consultant,Sales,Montreal,con-mtl-7690
Zena,Daria,Consultant,Sales,Montreal,con-mtl-7691
Brigette,Breckenstein,Consultant,Sales,Montreal,con-mtl-7692
Jeniffer,Jezek,Consultant,Sales,Ottawa,con-ott-7693
Selma,Elm,Consultant,Sales,Ottawa,con-ott-7694
Elenora,Handler,Consultant,Sales,Ottawa,con-ott-7695
Nadine,Okojie,Consultant,Sales,Ottawa,con-ott-7696
Kristin,Shiflet,Consultant,Sales,Ottawa,con-ott-7697
Melinda,Fellhauer,Consultant,Sales,Ottawa,con-ott-7698
Kirby,Litherland,Consultant,Sales,Ottawa,con-ott-7699
Kent,Ivans,Consultant,Sales,Ottawa,con-ott-7700
Dan,Platz,Consultant,Sales,Ottawa,con-ott-7701
Millie,Pirkl,Consultant,Sales,Ottawa,con-ott-7702
Moira,Qadir,Consultant,Sales,Ottawa,con-ott-7703
Reta,Qazi,Consultant,Sales,Ottawa,con-ott-7704
Brittney,Lolley,Consultant,Sales,Ottawa,con-ott-7705
Leandro,Bolka,Consultant,Sales,Ottawa,con-ott-7706
Edison,Sumera,Consultant,Sales,Ottawa,con-ott-7707
Breana,Cassi,Consultant,Sales,Ottawa,con-ott-7708
Jarvis,Nicols,Consultant,Sales,Ottawa,con-ott-7709
Felicitas,Orlinski,Consultant,Sales,Ottawa,con-ott-7710
Geraldine,Neisius,Consultant,Sales,Ottawa,con-ott-7711
Alfred,Pacleb,Consultant,Sales,Ottawa,con-ott-7712
Leatha,Block,Consultant,Sales,Ottawa,con-ott-7713
Jacquelyne,Rosso,Consultant,Sales,Ottawa,con-ott-7714
Jonelle,Epps,Consultant,Sales,Ottawa,con-ott-7715
Rosamond,Amlin,Consultant,Sales,Ottawa,con-ott-7716
Johnson,Mcenery,Consultant,Sales,Ottawa,con-ott-7717
Elliot,Scatton,Consultant,Sales,Ottawa,con-ott-7718
Gerri,Perra,Consultant,Sales,Ottawa,con-ott-7719
Rosendo,Jelsma,Consultant,Sales,Ottawa,con-ott-7720
Eveline,Brickhouse,Consultant,Sales,Ottawa,con-ott-7721
Laurene,Bennett,Consultant,Sales,Ottawa,con-ott-7722
Tegan,Ebershoff,Consultant,Operations,Ottawa,con-ott-7723
Tracie,Huro,Consultant,Operations,Ottawa,con-ott-7724
Mertie,Kazeck,Consultant,Operations,Ottawa,con-ott-7725
Clare,Bortignon,Consultant,Operations,Ottawa,con-ott-7726
Rebeca,Baley,Consultant,Operations,Ottawa,con-ott-7727
Nilsa,Pawell,Consultant,Operations,Ottawa,con-ott-7728
Samuel,Arellanes,Consultant,Operations,Ottawa,con-ott-7729
Ivette,Servantes,Consultant,Operations,Ottawa,con-ott-7730
Merrilee,Fajen,Consultant,Operations,Ottawa,con-ott-7731
Gianna,Eilers,Consultant,Operations,Ottawa,con-ott-7732
Hyman,Phinazee,Consultant,Operations,Ottawa,con-ott-7733
Buck,Pascucci,Consultant,Operations,Ottawa,con-ott-7734
Kenny,Leicht,Consultant,Operations,Ottawa,con-ott-7735
Tabetha,Bai,Consultant,Operations,Ottawa,con-ott-7736
Alonso,Popper,Consultant,Operations,Ottawa,con-ott-7737
Alonzo,Polek,Consultant,Operations,Ottawa,con-ott-7738
Son,Magnotta,Consultant,Operations,Ottawa,con-ott-7739
Jesusita,Druck,Consultant,Operations,Ottawa,con-ott-7740
Annice,Kunich,Consultant,Operations,Ottawa,con-ott-7741
Delila,Buchman,Consultant,Operations,Ottawa,con-ott-7742
Iraida,Sionesini,Consultant,Operations,Ottawa,con-ott-7743
Alona,Driesenga,Consultant,Operations,Ottawa,con-ott-7744
Lajuana,Vonderahe,Consultant,Operations,Vancouver,con-van-7745
Madelyn,Maestri,Consultant,Operations,Vancouver,con-van-7746
Louann,Susmilch,Consultant,Operations,Vancouver,con-van-7747
William,Devol,Consultant,Operations,Vancouver,con-van-7748
Corazon,Grafenstein,Consultant,Operations,Vancouver,con-van-7749
Fairy,Burket,Consultant,Operations,Vancouver,con-van-7750
Lashawn,Urion,Consultant,Operations,Vancouver,con-van-7751
Ronald,Gayner,Consultant,Operations,Vancouver,con-van-7752
Shizue,Hayduk,Consultant,Operations,Vancouver,con-van-7753
Nida,Fitz,Consultant,Operations,Vancouver,con-van-7754
Amos,Limberg,Consultant,Operations,Vancouver,con-van-7755
Dexter,Prosienski,Consultant,Operations,Vancouver,con-van-7756
Ludivina,Calamarino,Consultant,Operations,Vancouver,con-van-7757
Ariel,Stavely,Consultant,Operations,Vancouver,con-van-7758
Haley,Vaughn,Consultant,Operations,Vancouver,con-van-7759
Raelene,Legeyt,Consultant,Operations,Vancouver,con-van-7760
Micaela,Shiflett,Consultant,Operations,Vancouver,con-van-7761
Alpha,Prudhomme,Consultant,Operations,Vancouver,con-van-7762
Zack,Warman,Consultant,Operations,Vancouver,con-van-7763
Wilford,Pata,Consultant,Operations,Vancouver,con-van-7764
Carman,Robasciotti,Consultant,Operations,Vancouver,con-van-7765
Carylon,Bayot,Consultant,Operations,Vancouver,con-van-7766
Gladys,Schmale,Consultant,Operations,Vancouver,con-van-7767
Matilda,Peleg,Consultant,Operations,Vancouver,con-van-7768
Jacklyn,Wojnar,Consultant,Operations,Vancouver,con-van-7769
Tashia,Charney,Consultant,Operations,Vancouver,con-van-7770
Dorian,Eischens,Consultant,Operations,Vancouver,con-van-7771
Jesus,Merkt,Consultant,Operations,Vancouver,con-van-7772
Brandee,Svoboda,Consultant,Operations,Vancouver,con-van-7773
Edda,Mcquaide,Consultant,Operations,Vancouver,con-van-7774
Felix,Bumby,Consultant,Operations,Vancouver,con-van-7775
Ben,Kellman,Consultant,Operations,Vancouver,con-van-7776
Mickie,Upton,Consultant,Operations,Vancouver,con-van-7777
Phung,Krome,Consultant,Operations,Vancouver,con-van-7778
Lashonda,Langanke,Consultant,Operations,Vancouver,con-van-7779
Patria,Popa,Consultant,Operations,Vancouver,con-van-7780
Nidia,Horr,Consultant,Operations,Vancouver,con-van-7781
Skye,Culcasi,Consultant,Operations,Vancouver,con-van-7782
Kanisha,Reyelts,Consultant,Operations,Vancouver,con-van-7783
Hector,Barras,Consultant,Operations,Vancouver,con-van-7784
Stefan,Mongolo,Consultant,Operations,Vancouver,con-van-7785
Francoise,Byon,Consultant,Operations,Vancouver,con-van-7786
Lindy,Vandermeer,Consultant,Operations,Vancouver,con-van-7787
Arthur,Diniz,Consultant,Operations,Vancouver,con-van-7788
Nicholle,Hulme,Consultant,Operations,Vancouver,con-van-7789
Tijuana,Mesch,Consultant,Operations,Vancouver,con-van-7790
Lorenza,Schoenleber,Consultant,Operations,Vancouver,con-van-7791
Iola,Baird,Consultant,Operations,Vancouver,con-van-7792
Sang,Weigner,Consultant,Operations,Vancouver,con-van-7793
Leonor,Prez,Consultant,Operations,Vancouver,con-van-7794
Silvana,Whelpley,Consultant,Operations,Vancouver,con-van-7795
Anthony,Stever,Consultant,Operations,Vancouver,con-van-7796
Wenona,Carmel,Consultant,Operations,Vancouver,con-van-7797
Isadora,Yurick,Consultant,Operations,Vancouver,con-van-7798
Mose,Vonseggern,Consultant,Operations,Vancouver,con-van-7799
Marci,Aveline,Consultant,Operations,Vancouver,con-van-7800
Michel,Hoyne,Consultant,Operations,Vancouver,con-van-7801
Stephania,Connon,Consultant,Operations,Calgary,con-cal-7802
Charolette,Turk,Consultant,Operations,Calgary,con-cal-7803
Katie,Magro,Consultant,Operations,Calgary,con-cal-7804
Inocencia,Angeron,Consultant,Operations,Calgary,con-cal-7805
Nikita,Novosel,Consultant,Operations,Calgary,con-cal-7806
Malcolm,Gohlke,Consultant,Operations,Calgary,con-cal-7807
Desiree,Englund,Consultant,Operations,Calgary,con-cal-7808
Holley,Worland,Consultant,Operations,Calgary,con-cal-7809
Maryann,Tates,Consultant,Operations,Calgary,con-cal-7810
Ling,Dibello,Consultant,Operations,Calgary,con-cal-7811
Hailey,Kopet,Consultant,Operations,Calgary,con-cal-7812
Farrah,Malboeuf,Consultant,Operations,Calgary,con-cal-7813
Candra,Deritis,Consultant,Operations,Calgary,con-cal-7814
Reuben,Hegland,Consultant,Operations,Calgary,con-cal-7815
Anglea,Andrion,Consultant,Operations,Calgary,con-cal-7816
Paris,Tuccio,Consultant,Operations,Calgary,con-cal-7817
Latricia,Schmoyer,Consultant,Operations,Calgary,con-cal-7818
Jeffrey,Leuenberger,Consultant,Operations,Calgary,con-cal-7819
Dean,Vollstedt,Consultant,Operations,Calgary,con-cal-7820
